{"flutter":{"platforms":{"android":{"default":{"projectId":"attendance-app-eac03","appId":"1:108562577334:android:d9e0718e0c6587e126b317","fileOutput":"android/app/google-services.json"}},"ios":{"default":{"projectId":"attendance-app-eac03","appId":"1:108562577334:ios:87eae6522721d58026b317","uploadDebugSymbols":false,"fileOutput":"ios/Runner/GoogleService-Info.plist"}},"macos":{"default":{"projectId":"attendance-app-eac03","appId":"1:108562577334:ios:87eae6522721d58026b317","uploadDebugSymbols":false,"fileOutput":"macos/Runner/GoogleService-Info.plist"}},"dart":{"lib/firebase_options.dart":{"projectId":"attendance-app-eac03","configurations":{"android":"1:108562577334:android:d9e0718e0c6587e126b317","ios":"1:108562577334:ios:87eae6522721d58026b317","macos":"1:108562577334:ios:87eae6522721d58026b317","web":"1:108562577334:web:bda71dec561134a326b317","windows":"1:108562577334:web:7d767432c89de4df26b317"}}}}}}