{
  "project_info": {
    "project_number": "108562577334",
    "project_id": "attendance-app-eac03",
    "storage_bucket": "attendance-app-eac03.firebasestorage.app"
  },
  "client": [
    {
      "client_info": {
        "mobilesdk_app_id": "1:108562577334:android:d9e0718e0c6587e126b317",
        "android_client_info": {
          "package_name": "com.example.attendance_app"
        }
      },
      "oauth_client": [],
      "api_key": [
        {
          "current_key": "AIzaSyBfvCzRKA757zXFD8FA-FGbHpjfF0575P0"
        }
      ],
      "services": {
        "appinvite_service": {
          "other_platform_oauth_client": []
        }
      }
    }
  ],
  "configuration_version": "1"
}